-- phpMyAdmin SQL Dump
-- version 5.0.2
-- https://www.phpmyadmin.net/
--
-- Host: 127.0.0.1
-- Generation Time: Sep 11, 2021 at 09:57 AM
-- Server version: 10.4.14-MariaDB
-- PHP Version: 7.4.9

SET SQL_MODE = "NO_AUTO_VALUE_ON_ZERO";
START TRANSACTION;
SET time_zone = "+00:00";


/*!40101 SET @OLD_CHARACTER_SET_CLIENT=@@CHARACTER_SET_CLIENT */;
/*!40101 SET @OLD_CHARACTER_SET_RESULTS=@@CHARACTER_SET_RESULTS */;
/*!40101 SET @OLD_COLLATION_CONNECTION=@@COLLATION_CONNECTION */;
/*!40101 SET NAMES utf8mb4 */;

--
-- Database: `extra_curricular_activity`
--

-- --------------------------------------------------------

--
-- Table structure for table `club`
--

CREATE TABLE `club` (
  `club_id` int(11) NOT NULL,
  `department_id` int(11) NOT NULL,
  `club` varchar(30) NOT NULL,
  `club_details` text NOT NULL,
  `club_status` varchar(10) NOT NULL
) ENGINE=InnoDB DEFAULT CHARSET=utf8mb4;

--
-- Dumping data for table `club`
--

INSERT INTO `club` (`club_id`, `department_id`, `club`, `club_details`, `club_status`) VALUES
(86, 1, 'IT CLUB', 'this club comes under Computer', 'Active');

-- --------------------------------------------------------

--
-- Table structure for table `complaint_report`
--

CREATE TABLE `complaint_report` (
  `complaint_report_id` int(11) NOT NULL,
  `student_id` int(11) NOT NULL,
  `staff_id` int(11) NOT NULL,
  `reply_complaint_report_id` int(11) NOT NULL,
  `complaint_date_tim` datetime NOT NULL,
  `complaint_detail` text NOT NULL,
  `complain_doc` varchar(300) NOT NULL,
  `complaint_status` varchar(20) NOT NULL
) ENGINE=InnoDB DEFAULT CHARSET=utf8mb4;

-- --------------------------------------------------------

--
-- Table structure for table `course`
--

CREATE TABLE `course` (
  `course_id` int(11) NOT NULL,
  `course_title` varchar(25) NOT NULL,
  `course_description` text NOT NULL,
  `course_status` varchar(10) NOT NULL
) ENGINE=InnoDB DEFAULT CHARSET=utf8mb4;

--
-- Dumping data for table `course`
--

INSERT INTO `course` (`course_id`, `course_title`, `course_description`, `course_status`) VALUES
(1, 'BCA', 'Graduation of Bachelor of Computer Application ', 'Active'),
(2, 'BCOM', 'Graduation of Bachelor of Commerce', 'Active'),
(3, 'BA', 'Graduation of Bachelor of Administration', 'Active'),
(4, 'Bsc', 'Graduation of Bachelor of Science', 'Active');

-- --------------------------------------------------------

--
-- Table structure for table `department`
--

CREATE TABLE `department` (
  `department_id` int(11) NOT NULL,
  `department` varchar(25) NOT NULL,
  `department_detail` text NOT NULL,
  `department_status` varchar(10) NOT NULL
) ENGINE=InnoDB DEFAULT CHARSET=utf8mb4;

--
-- Dumping data for table `department`
--

INSERT INTO `department` (`department_id`, `department`, `department_detail`, `department_status`) VALUES
(1, 'Computer Science', 'This is the department of computer science', 'Active'),
(2, 'Commerce', 'This is the department of commerce', 'Active'),
(3, 'English', 'This is the department of English', 'Active'),
(4, 'Kannada', 'This is the department of kannada', 'Active'),
(5, 'Hindi', 'This is the department of hindi', 'Active');

-- --------------------------------------------------------

--
-- Table structure for table `dept_course`
--

CREATE TABLE `dept_course` (
  `dept_course_id` int(11) NOT NULL,
  `department_id` int(11) NOT NULL,
  `course_id` int(11) NOT NULL,
  `dept_status` varchar(10) NOT NULL
) ENGINE=InnoDB DEFAULT CHARSET=utf8mb4;

--
-- Dumping data for table `dept_course`
--

INSERT INTO `dept_course` (`dept_course_id`, `department_id`, `course_id`, `dept_status`) VALUES
(4, 1, 1, 'Active'),
(5, 1, 2, 'Active'),
(6, 1, 4, 'Active'),
(7, 2, 2, 'Active');

-- --------------------------------------------------------

--
-- Table structure for table `event`
--

CREATE TABLE `event` (
  `event_id` bigint(20) NOT NULL,
  `event_type_id` int(11) NOT NULL,
  `event_participation_type` varchar(25) NOT NULL COMMENT 'Single, Team',
  `no_of_participants` int(11) NOT NULL,
  `event_title` varchar(300) NOT NULL,
  `event_description` text NOT NULL,
  `event_rules` text NOT NULL,
  `event_banner` varchar(300) NOT NULL,
  `department_id` int(11) NOT NULL,
  `club_id` int(11) NOT NULL,
  `course_id` text NOT NULL,
  `st_class` text NOT NULL,
  `event_date_time` datetime NOT NULL,
  `event_venue` text NOT NULL,
  `staff_id` int(11) NOT NULL,
  `participation_limit` int(11) NOT NULL,
  `event_status` varchar(10) NOT NULL
) ENGINE=InnoDB DEFAULT CHARSET=utf8mb4;

--
-- Dumping data for table `event`
--

INSERT INTO `event` (`event_id`, `event_type_id`, `event_participation_type`, `no_of_participants`, `event_title`, `event_description`, `event_rules`, `event_banner`, `department_id`, `club_id`, `course_id`, `st_class`, `event_date_time`, `event_venue`, `staff_id`, `participation_limit`, `event_status`) VALUES
(1, 1, 'Single', 1, 'Dancing Competition', 'In this event students can participate in dancing competitions where they have to perform their classic dancing skills. ', '*Only Classic dance has to be performed<br />\r\n*Competitors are not allowed to play any other musics than classic<br />\r\n*Music should be submitted before starting the events<br />\r\n*Fire, knife or anything that is harmful is prohibuted', '1389879318Danceposter.jpg', 3, 0, 'a:1:{i:0;s:1:\"0\";}', 'a:1:{i:0;s:1:\"0\";}', '2021-09-13 14:30:00', 'AV Room', 14, 20, 'Active');

-- --------------------------------------------------------

--
-- Table structure for table `event_participation`
--

CREATE TABLE `event_participation` (
  `event_participation_id` int(11) NOT NULL,
  `event_id` int(11) NOT NULL,
  `student_id` int(11) NOT NULL,
  `event_participation_type` varchar(25) NOT NULL,
  `team` varchar(25) NOT NULL,
  `apply_dt_tim` datetime NOT NULL,
  `event_participation_status` varchar(10) NOT NULL
) ENGINE=InnoDB DEFAULT CHARSET=utf8mb4;

--
-- Dumping data for table `event_participation`
--

INSERT INTO `event_participation` (`event_participation_id`, `event_id`, `student_id`, `event_participation_type`, `team`, `apply_dt_tim`, `event_participation_status`) VALUES
(1, 1, 1, 'Single', '0', '2021-09-11 13:24:30', 'Applied');

-- --------------------------------------------------------

--
-- Table structure for table `event_result`
--

CREATE TABLE `event_result` (
  `event_result_id` int(11) NOT NULL,
  `event_id` int(11) NOT NULL,
  `result_detail` text NOT NULL,
  `event_documentry` text NOT NULL,
  `staff_id` int(11) NOT NULL
) ENGINE=InnoDB DEFAULT CHARSET=utf8mb4;

-- --------------------------------------------------------

--
-- Table structure for table `event_result_status`
--

CREATE TABLE `event_result_status` (
  `result_status_id` int(11) NOT NULL,
  `event_result_id` int(11) NOT NULL,
  `event_id` int(11) NOT NULL,
  `student_id` int(11) NOT NULL,
  `event_participation_id` int(11) NOT NULL,
  `winning_position` varchar(25) NOT NULL,
  `point` int(11) NOT NULL,
  `event_participation_type` varchar(25) NOT NULL,
  `team` varchar(25) NOT NULL
) ENGINE=InnoDB DEFAULT CHARSET=utf8mb4;

-- --------------------------------------------------------

--
-- Table structure for table `event_type`
--

CREATE TABLE `event_type` (
  `event_type_id` int(11) NOT NULL,
  `event_type` varchar(30) NOT NULL,
  `event_type_info` text NOT NULL,
  `event_type_status` varchar(10) NOT NULL
) ENGINE=InnoDB DEFAULT CHARSET=utf8mb4;

--
-- Dumping data for table `event_type`
--

INSERT INTO `event_type` (`event_type_id`, `event_type`, `event_type_info`, `event_type_status`) VALUES
(1, 'Dance', 'Students can participate in dance ', 'Active'),
(2, 'Programming', 'Students can participate in programming who has programming knowledge', 'Active'),
(3, 'Music', 'This is the event which involves in western and classsic musics', 'Active'),
(4, 'football', 'this category comes under sports and games', 'Active');

-- --------------------------------------------------------

--
-- Table structure for table `point_settings`
--

CREATE TABLE `point_settings` (
  `point_set_id` int(11) NOT NULL,
  `firstplace_point` int(11) NOT NULL,
  `secondplace_point` int(11) NOT NULL,
  `thirdplace_point` int(11) NOT NULL,
  `participation_point` int(11) NOT NULL
) ENGINE=InnoDB DEFAULT CHARSET=utf8mb4;

-- --------------------------------------------------------

--
-- Table structure for table `staff`
--

CREATE TABLE `staff` (
  `staff_id` int(11) NOT NULL,
  `staff_name` varchar(25) NOT NULL,
  `staff_dp` varchar(300) NOT NULL,
  `staff_type` varchar(20) NOT NULL,
  `department_id` int(11) NOT NULL,
  `login_id` varchar(25) NOT NULL,
  `password` varchar(300) NOT NULL,
  `gender` varchar(6) NOT NULL,
  `dob` date NOT NULL,
  `staff_status` varchar(10) NOT NULL
) ENGINE=InnoDB DEFAULT CHARSET=utf8mb4;

--
-- Dumping data for table `staff`
--

INSERT INTO `staff` (`staff_id`, `staff_name`, `staff_dp`, `staff_type`, `department_id`, `login_id`, `password`, `gender`, `dob`, `staff_status`) VALUES
(11, 'Super Admin', '29844347images (2).jfif', 'Admin', 1, 'superadmin', '17c4520f6cfd1ab53d8745e84681eb49', 'Male', '1992-07-27', 'Active'),
(13, 'Shailesh', '1727587416', 'HOD', 1, 'shailesh', '81dc9bdb52d04dc20036dbd8313ed055', 'Male', '1887-08-12', 'Active'),
(14, 'Pavitra', '1986491062', 'Lecturer', 3, 'pavitra', '81dc9bdb52d04dc20036dbd8313ed055', 'Male', '1993-11-09', 'Active');

-- --------------------------------------------------------

--
-- Table structure for table `student`
--

CREATE TABLE `student` (
  `student_id` int(11) NOT NULL,
  `student_name` varchar(30) NOT NULL,
  `course_id` int(11) NOT NULL,
  `student_rollno` varchar(10) NOT NULL,
  `student_password` varchar(300) NOT NULL,
  `st_class` varchar(20) NOT NULL,
  `student_image` varchar(300) NOT NULL,
  `gender` varchar(10) NOT NULL,
  `dob` date NOT NULL,
  `language` varchar(25) NOT NULL,
  `elective_paper` varchar(20) NOT NULL,
  `extension_activities` varchar(50) NOT NULL,
  `student_status` varchar(10) NOT NULL
) ENGINE=InnoDB DEFAULT CHARSET=utf8mb4;

--
-- Dumping data for table `student`
--

INSERT INTO `student` (`student_id`, `student_name`, `course_id`, `student_rollno`, `student_password`, `st_class`, `student_image`, `gender`, `dob`, `language`, `elective_paper`, `extension_activities`, `student_status`) VALUES
(1, 'Sajith Thomas', 1, '180937', 'e95aad3a10b270ef22560dae9c2b0817', 'Third Year', '19623721420210320_180759.jpg', 'Male', '2000-09-04', 'Kannada', 'Hindi', 'None', 'Active');

--
-- Indexes for dumped tables
--

--
-- Indexes for table `club`
--
ALTER TABLE `club`
  ADD PRIMARY KEY (`club_id`);

--
-- Indexes for table `complaint_report`
--
ALTER TABLE `complaint_report`
  ADD PRIMARY KEY (`complaint_report_id`);

--
-- Indexes for table `course`
--
ALTER TABLE `course`
  ADD PRIMARY KEY (`course_id`);

--
-- Indexes for table `department`
--
ALTER TABLE `department`
  ADD PRIMARY KEY (`department_id`);

--
-- Indexes for table `dept_course`
--
ALTER TABLE `dept_course`
  ADD PRIMARY KEY (`dept_course_id`);

--
-- Indexes for table `event`
--
ALTER TABLE `event`
  ADD PRIMARY KEY (`event_id`);

--
-- Indexes for table `event_participation`
--
ALTER TABLE `event_participation`
  ADD PRIMARY KEY (`event_participation_id`);

--
-- Indexes for table `event_result`
--
ALTER TABLE `event_result`
  ADD PRIMARY KEY (`event_result_id`);

--
-- Indexes for table `event_result_status`
--
ALTER TABLE `event_result_status`
  ADD PRIMARY KEY (`result_status_id`);

--
-- Indexes for table `event_type`
--
ALTER TABLE `event_type`
  ADD PRIMARY KEY (`event_type_id`);

--
-- Indexes for table `point_settings`
--
ALTER TABLE `point_settings`
  ADD PRIMARY KEY (`point_set_id`);

--
-- Indexes for table `staff`
--
ALTER TABLE `staff`
  ADD PRIMARY KEY (`staff_id`),
  ADD UNIQUE KEY `login_id` (`login_id`);

--
-- Indexes for table `student`
--
ALTER TABLE `student`
  ADD PRIMARY KEY (`student_id`),
  ADD UNIQUE KEY `student_rollno` (`student_rollno`);

--
-- AUTO_INCREMENT for dumped tables
--

--
-- AUTO_INCREMENT for table `club`
--
ALTER TABLE `club`
  MODIFY `club_id` int(11) NOT NULL AUTO_INCREMENT, AUTO_INCREMENT=87;

--
-- AUTO_INCREMENT for table `complaint_report`
--
ALTER TABLE `complaint_report`
  MODIFY `complaint_report_id` int(11) NOT NULL AUTO_INCREMENT;

--
-- AUTO_INCREMENT for table `course`
--
ALTER TABLE `course`
  MODIFY `course_id` int(11) NOT NULL AUTO_INCREMENT, AUTO_INCREMENT=5;

--
-- AUTO_INCREMENT for table `department`
--
ALTER TABLE `department`
  MODIFY `department_id` int(11) NOT NULL AUTO_INCREMENT, AUTO_INCREMENT=6;

--
-- AUTO_INCREMENT for table `dept_course`
--
ALTER TABLE `dept_course`
  MODIFY `dept_course_id` int(11) NOT NULL AUTO_INCREMENT, AUTO_INCREMENT=8;

--
-- AUTO_INCREMENT for table `event`
--
ALTER TABLE `event`
  MODIFY `event_id` bigint(20) NOT NULL AUTO_INCREMENT, AUTO_INCREMENT=2;

--
-- AUTO_INCREMENT for table `event_participation`
--
ALTER TABLE `event_participation`
  MODIFY `event_participation_id` int(11) NOT NULL AUTO_INCREMENT, AUTO_INCREMENT=2;

--
-- AUTO_INCREMENT for table `event_result`
--
ALTER TABLE `event_result`
  MODIFY `event_result_id` int(11) NOT NULL AUTO_INCREMENT;

--
-- AUTO_INCREMENT for table `event_result_status`
--
ALTER TABLE `event_result_status`
  MODIFY `result_status_id` int(11) NOT NULL AUTO_INCREMENT;

--
-- AUTO_INCREMENT for table `event_type`
--
ALTER TABLE `event_type`
  MODIFY `event_type_id` int(11) NOT NULL AUTO_INCREMENT, AUTO_INCREMENT=5;

--
-- AUTO_INCREMENT for table `point_settings`
--
ALTER TABLE `point_settings`
  MODIFY `point_set_id` int(11) NOT NULL AUTO_INCREMENT;

--
-- AUTO_INCREMENT for table `staff`
--
ALTER TABLE `staff`
  MODIFY `staff_id` int(11) NOT NULL AUTO_INCREMENT, AUTO_INCREMENT=15;

--
-- AUTO_INCREMENT for table `student`
--
ALTER TABLE `student`
  MODIFY `student_id` int(11) NOT NULL AUTO_INCREMENT, AUTO_INCREMENT=2;
COMMIT;

/*!40101 SET CHARACTER_SET_CLIENT=@OLD_CHARACTER_SET_CLIENT */;
/*!40101 SET CHARACTER_SET_RESULTS=@OLD_CHARACTER_SET_RESULTS */;
/*!40101 SET COLLATION_CONNECTION=@OLD_COLLATION_CONNECTION */;
